time_var,R991 covid-19 (mistenkt/sannsynlig),R992 covid-19 (bekreftet),R33 mikrobiologisk/immunologisk pr√∏ve,"Legekonsultasjoner (R991, R992, R33)",Andel legekonsultasjoner
2020-02-21,0,0,0,0,"0,0 %"
2020-02-22,0,0,0,0,"0,0 %"
2020-02-23,0,0,0,0,"0,0 %"
2020-02-24,0,0,0,0,"0,0 %"
2020-02-25,5,0,0,5,"0,0 %"
2020-02-26,0,0,0,0,"0,0 %"
2020-02-27,5,0,0,5,"0,0 %"
2020-02-28,22,0,0,22,"0,0 %"
2020-02-29,9,0,0,9,"0,1 %"
2020-03-01,7,0,0,7,"0,1 %"
2020-03-02,43,0,0,43,"0,0 %"
2020-03-03,58,0,0,58,"0,1 %"
2020-03-04,66,0,0,66,"0,1 %"
2020-03-05,51,0,0,51,"0,1 %"
2020-03-06,50,0,0,50,"0,1 %"
2020-03-07,26,0,0,26,"0,2 %"
2020-03-08,36,0,0,36,"0,2 %"
2020-03-09,400,0,0,400,"0,3 %"
2020-03-10,1 056,0,0,1 056,"0,9 %"
2020-03-11,1 761,0,0,1 761,"1,5 %"
2020-03-12,3 725,0,0,3 725,"2,8 %"
2020-03-13,7 084,0,0,7 084,"5,8 %"
2020-03-14,1 543,0,0,1 543,"7,9 %"
2020-03-15,2 494,0,0,2 494,"8,5 %"
2020-03-16,12 170,0,0,12 170,"8,0 %"
2020-03-17,10 631,0,0,10 631,"9,0 %"
2020-03-18,9 741,0,0,9 741,"9,3 %"
2020-03-19,9 141,0,0,9 141,"9,2 %"
2020-03-20,8 185,0,0,8 185,"8,9 %"
2020-03-21,2 465,0,0,2 465,"15,9 %"
2020-03-22,2 503,0,0,2 503,"14,7 %"
2020-03-23,9 593,0,0,9 593,"8,2 %"
2020-03-24,7 204,0,0,7 204,"7,5 %"
2020-03-25,6 742,0,0,6 742,"7,5 %"
2020-03-26,6 691,0,0,6 691,"7,4 %"
2020-03-27,6 040,0,0,6 040,"6,8 %"
2020-03-28,1 544,0,0,1 544,"12,3 %"
2020-03-29,1 598,0,0,1 598,"11,8 %"
2020-03-30,7 305,0,0,7 305,"6,4 %"
2020-03-31,5 413,0,0,5 413,"5,7 %"
2020-04-01,5 065,0,0,5 065,"5,6 %"
2020-04-02,4 863,0,0,4 863,"5,3 %"
2020-04-03,4 711,0,0,4 711,"5,3 %"
2020-04-04,1 165,0,0,1 165,"10,9 %"
2020-04-05,1 029,0,0,1 029,"8,9 %"
2020-04-06,4 339,0,0,4 339,"5,2 %"
2020-04-07,3 065,0,0,3 065,"4,4 %"
2020-04-08,2 650,0,0,2 650,"5,5 %"
2020-04-09,1 144,0,0,1 144,"10,3 %"
2020-04-10,901,0,0,901,"8,2 %"
2020-04-11,768,0,0,768,"7,2 %"
2020-04-12,666,0,0,666,"6,5 %"
2020-04-13,859,0,0,859,"7,1 %"
2020-04-14,5 201,0,0,5 201,"4,4 %"
2020-04-15,3 630,0,0,3 630,"3,5 %"
2020-04-16,3 474,0,0,3 474,"3,4 %"
2020-04-17,3 187,0,0,3 187,"3,4 %"
2020-04-18,826,0,0,826,"8,1 %"
2020-04-19,635,0,0,635,"5,9 %"
2020-04-20,3 977,0,0,3 977,"3,6 %"
2020-04-21,3 026,0,0,3 026,"3,2 %"
2020-04-22,3 011,0,0,3 011,"3,4 %"
2020-04-23,2 836,0,0,2 836,"3,1 %"
2020-04-24,2 866,0,0,2 866,"3,3 %"
2020-04-25,708,0,0,708,"7,3 %"
2020-04-26,712,0,0,712,"6,1 %"
2020-04-27,3 984,0,0,3 984,"3,6 %"
2020-04-28,3 366,0,0,3 366,"3,3 %"
2020-04-29,3 352,0,0,3 352,"3,4 %"
2020-04-30,3 987,0,0,3 987,"3,9 %"
2020-05-01,1 089,0,0,1 089,"9,1 %"
2020-05-02,1 259,0,0,1 259,"11,7 %"
2020-05-03,767,0,0,767,"6,4 %"
2020-05-04,4 485,47,0,4 532,"3,8 %"
2020-05-05,3 813,80,0,3 893,"3,7 %"
2020-05-06,3 800,70,0,3 870,"4,0 %"
2020-05-07,3 497,88,0,3 589,"3,7 %"
2020-05-08,3 325,100,0,3 425,"3,8 %"
2020-05-09,1 052,15,0,1 067,"10,2 %"
2020-05-10,804,22,0,826,"6,5 %"
2020-05-11,4 337,122,0,4 459,"3,9 %"
2020-05-12,3 485,75,0,3 560,"3,5 %"
2020-05-13,3 735,87,0,3 822,"4,0 %"
2020-05-14,3 527,89,0,3 616,"3,7 %"
2020-05-15,3 632,100,0,3 732,"4,1 %"
2020-05-16,1 109,8,0,1 117,"9,9 %"
2020-05-17,442,7,0,450,"5,5 %"
2020-05-18,3 821,147,8,3 976,"3,5 %"
2020-05-19,3 357,99,5,3 461,"3,3 %"
2020-05-20,3 480,120,0,3 604,"3,6 %"
2020-05-21,745,19,0,764,"6,4 %"
2020-05-22,2 880,100,10,2 990,"3,9 %"
2020-05-23,639,6,0,645,"6,3 %"
2020-05-24,557,17,0,574,"4,6 %"
2020-05-25,3 213,142,7,3 362,"2,8 %"
2020-05-26,2 796,98,0,2 894,"2,7 %"
2020-05-27,2 510,88,0,2 598,"2,6 %"
2020-05-28,2 436,91,0,2 528,"2,5 %"
2020-05-29,1 847,103,5,1 955,"2,1 %"
2020-05-30,448,7,0,455,"4,7 %"
2020-05-31,384,9,0,393,"4,1 %"
2020-06-01,416,13,0,429,"3,5 %"
2020-06-02,2 309,116,0,2 425,"2,1 %"
2020-06-03,2 078,67,0,2 145,"2,1 %"
2020-06-04,2 136,85,0,2 221,"2,2 %"
2020-06-05,1 965,67,0,2 032,"2,1 %"
2020-06-06,569,10,0,579,"5,3 %"
2020-06-07,551,14,0,565,"4,0 %"
2020-06-08,3 175,87,0,3 262,"2,7 %"
2020-06-09,3 531,80,8,3 619,"3,4 %"
2020-06-10,3 487,70,0,3 557,"3,5 %"
2020-06-11,3 619,69,6,3 694,"3,6 %"
2020-06-12,3 458,76,0,3 534,"3,7 %"
2020-06-13,1 019,8,0,1 027,"8,9 %"
2020-06-14,1 021,0,0,1 025,"7,4 %"
2020-06-15,4 890,80,0,4 970,"4,1 %"
2020-06-16,3 846,71,7,3 924,"3,6 %"
2020-06-17,3 574,75,10,3 659,"3,5 %"
2020-06-18,3 342,81,13,3 436,"3,3 %"
2020-06-19,2 860,65,0,2 929,"3,1 %"
2020-06-20,758,5,0,763,"6,4 %"
2020-06-21,917,6,0,923,"5,9 %"
2020-06-22,3 946,66,14,4 026,"3,5 %"
2020-06-23,3 633,66,11,3 710,"3,7 %"
2020-06-24,3 386,53,9,3 448,"3,6 %"
2020-06-25,2 951,67,16,3 034,"3,2 %"
2020-06-26,2 417,58,0,2 478,"2,8 %"
2020-06-27,824,12,0,836,"6,9 %"
2020-06-28,749,11,0,760,"5,0 %"
2020-06-29,3 758,86,0,3 844,"3,7 %"
2020-06-30,3 465,83,0,3 548,"3,8 %"
2020-07-01,3 570,64,0,3 634,"4,2 %"
2020-07-02,3 216,68,0,3 284,"3,8 %"
2020-07-03,2 951,77,0,3 028,"3,9 %"
2020-07-04,832,13,0,845,"7,2 %"
2020-07-05,489,8,0,497,"3,6 %"
2020-07-06,4 187,76,0,4 263,"5,0 %"
2020-07-07,3 471,61,0,3 532,"4,7 %"
2020-07-08,3 432,63,0,3 495,"4,8 %"
2020-07-09,3 352,49,0,3 401,"4,8 %"
2020-07-10,3 069,43,0,3 112,"4,8 %"
2020-07-11,950,12,0,962,"8,7 %"
2020-07-12,677,26,0,703,"5,9 %"
2020-07-13,4 638,57,0,4 695,"6,2 %"
2020-07-14,3 542,43,0,3 585,"5,3 %"
2020-07-15,3 701,40,0,3 741,"5,8 %"
2020-07-16,2 986,38,0,3 024,"4,7 %"
2020-07-17,2 849,46,0,2 895,"4,9 %"
2020-07-18,970,6,0,976,"8,5 %"
2020-07-19,734,6,0,740,"6,3 %"
2020-07-20,4 156,44,0,4 201,"5,8 %"
2020-07-21,3 343,20,0,3 363,"5,3 %"
2020-07-22,3 264,29,0,3 293,"5,5 %"
2020-07-23,2 793,25,0,2 818,"4,8 %"
2020-07-24,3 012,35,0,3 047,"5,5 %"
2020-07-25,1 081,0,0,1 083,"10,0 %"
2020-07-26,697,5,0,702,"6,1 %"
2020-07-27,4 254,47,0,4 301,"5,7 %"
2020-07-28,3 810,34,0,3 844,"5,7 %"
2020-07-29,3 892,39,0,3 931,"6,0 %"
2020-07-30,3 608,41,0,3 649,"5,6 %"
2020-07-31,3 623,47,0,3 670,"6,2 %"
2020-08-01,1 380,19,0,1 399,"12,4 %"
2020-08-02,1 123,17,0,1 140,"8,9 %"
2020-08-03,6 686,67,0,6 754,"7,4 %"
2020-08-04,5 726,48,0,5 775,"7,0 %"
2020-08-05,5 567,71,14,5 652,"7,1 %"
2020-08-06,5 856,102,0,5 958,"7,6 %"
2020-08-07,5 708,89,0,5 799,"8,0 %"
2020-08-08,2 381,60,0,2 441,"18,7 %"
2020-08-09,2 153,29,0,2 182,"15,6 %"
2020-08-10,8 952,252,0,9 207,"8,5 %"
2020-08-11,8 436,151,0,8 589,"8,8 %"
2020-08-12,8 637,125,0,8 764,"9,3 %"
2020-08-13,8 756,140,0,8 896,"9,5 %"
2020-08-14,8 231,184,13,8 428,"9,9 %"
2020-08-15,3 013,95,19,3 127,"20,9 %"
2020-08-16,3 564,97,0,3 664,"21,4 %"
2020-08-17,10 269,209,5,10 483,"8,7 %"
2020-08-18,9 667,172,0,9 842,"8,9 %"
2020-08-19,9 301,123,24,9 448,"8,8 %"
2020-08-20,9 991,145,0,10 138,"9,4 %"
2020-08-21,8 495,161,0,8 658,"8,8 %"
2020-08-22,3 344,25,0,3 369,"21,5 %"
2020-08-23,3 646,20,9,3 675,"20,7 %"
2020-08-24,11 911,179,0,12 090,"9,3 %"
2020-08-25,10 631,126,0,10 757,"9,4 %"
2020-08-26,10 477,122,144,10 743,"9,8 %"
2020-08-27,10 447,110,26,10 583,"9,7 %"
2020-08-28,8 631,128,0,8 760,"8,8 %"
2020-08-29,3 066,13,0,3 081,"21,4 %"
2020-08-30,3 367,24,0,3 392,"19,1 %"
2020-08-31,12 289,170,24,12 483,"9,4 %"
2020-09-01,10 381,144,78,10 603,"9,3 %"
2020-09-02,10 111,148,44,10 303,"9,4 %"
2020-09-03,9 861,139,17,10 017,"9,1 %"
2020-09-04,7 739,178,12,7 929,"8,0 %"
2020-09-05,3 096,68,0,3 164,"21,5 %"
2020-09-06,3 101,54,0,3 158,"17,9 %"
2020-09-07,11 719,275,124,12 118,"9,2 %"
2020-09-08,9 880,233,17,10 130,"8,8 %"
2020-09-09,10 494,219,50,10 763,"9,8 %"
2020-09-10,8 565,187,33,8 785,"8,2 %"
2020-09-11,8 094,215,57,8 366,"8,5 %"
2020-09-12,3 151,78,0,3 230,"22,4 %"
2020-09-13,3 175,95,44,3 314,"19,4 %"
2020-09-14,12 351,263,44,12 658,"9,6 %"
2020-09-15,9 140,190,165,9 495,"8,4 %"
2020-09-16,8 408,241,26,8 675,"8,0 %"
2020-09-17,7 538,212,0,7 751,"7,3 %"
2020-09-18,6 476,251,0,6 729,"7,0 %"
2020-09-19,2 626,50,0,2 677,"20,0 %"
2020-09-20,2 658,60,0,2 722,"16,3 %"
2020-09-21,9 502,347,0,9 853,"7,6 %"
2020-09-22,7 448,207,155,7 810,"6,9 %"
2020-09-23,7 566,253,107,7 926,"7,4 %"
2020-09-24,7 182,249,117,7 548,"7,0 %"
2020-09-25,6 757,234,17,7 008,"7,2 %"
2020-09-26,2 422,72,0,2 494,"18,3 %"
2020-09-27,2 376,71,0,2 447,"14,8 %"
2020-09-28,8 979,335,133,9 447,"7,7 %"
2020-09-29,7 676,244,101,8 021,"7,3 %"
2020-09-30,6 825,222,100,7 147,"6,9 %"
2020-10-01,6 815,260,58,7 133,"7,1 %"
2020-10-02,6 439,283,35,6 757,"7,3 %"
2020-10-03,2 693,68,0,2 762,"20,4 %"
2020-10-04,2 726,110,0,2 836,"16,0 %"
2020-10-05,9 676,427,0,10 103,"8,0 %"
2020-10-06,7 749,295,0,8 044,"7,2 %"
2020-10-07,7 673,306,0,7 980,"7,6 %"
2020-10-08,7 503,334,0,7 837,"7,6 %"
2020-10-09,6 046,337,0,6 386,"7,0 %"
2020-10-10,3 158,74,0,3 233,"22,5 %"
2020-10-11,3 442,80,0,3 522,"19,6 %"
2020-10-12,10 355,455,13,10 823,"8,0 %"
2020-10-13,9 344,310,0,9 658,"8,2 %"
2020-10-14,8 554,309,0,8 867,"7,9 %"
2020-10-15,7 895,340,5,8 240,"7,4 %"
2020-10-16,7 918,347,0,8 269,"8,1 %"
2020-10-17,3 324,76,0,3 401,"22,3 %"
2020-10-18,2 932,75,0,3 008,"17,3 %"
2020-10-19,10 702,478,7,11 187,"8,3 %"
2020-10-20,9 257,378,10,9 645,"8,2 %"
2020-10-21,9 100,347,14,9 461,"8,3 %"
2020-10-22,9 266,419,20,9 705,"8,5 %"
2020-10-23,8 426,416,60,8 902,"8,6 %"
2020-10-24,3 592,134,0,3 726,"24,1 %"
2020-10-25,3 936,148,0,4 085,"19,9 %"
2020-10-26,12 249,653,82,12 984,"9,4 %"
2020-10-27,10 956,583,290,11 829,"9,5 %"
2020-10-28,10 880,618,1 269,12 767,"10,7 %"
2020-10-29,11 372,626,1 318,13 316,"11,1 %"
2020-10-30,9 873,751,1 293,11 917,"10,9 %"
2020-10-31,4 677,228,453,5 358,"30,4 %"
2020-11-01,4 491,260,600,5 351,"24,9 %"
2020-11-02,12 939,1 087,2 258,16 284,"11,5 %"
2020-11-03,11 978,952,2 113,15 043,"12,0 %"
2020-11-04,10 966,1 020,4 296,16 282,"13,8 %"
2020-11-05,12 007,1 106,5 180,18 293,"15,3 %"
2020-11-06,11 013,1 195,6 081,18 289,"16,4 %"
2020-11-07,5 417,315,2 649,8 381,"41,3 %"
2020-11-08,5 225,384,2 819,8 428,"35,6 %"
2020-11-09,12 316,1 522,8 352,22 190,"15,4 %"
2020-11-10,9 122,1 181,7 469,17 772,"14,3 %"
2020-11-11,8 556,1 247,7 361,17 164,"14,5 %"
2020-11-12,8 411,1 285,7 019,16 715,"14,2 %"
2020-11-13,7 003,1 406,5 888,14 297,"13,6 %"
2020-11-14,3 160,312,3 232,6 704,"36,2 %"
2020-11-15,3 765,446,3 691,7 902,"34,5 %"
2020-11-16,10 635,1 991,6 875,19 501,"13,9 %"
2020-11-17,8 093,1 351,4 927,14 371,"12,1 %"
2020-11-18,7 400,1 371,3 781,12 552,"11,2 %"
2020-11-19,7 116,1 357,3 419,11 892,"10,8 %"
2020-11-20,5 949,1 483,2 768,10 200,"10,2 %"
2020-11-21,2 820,334,1 102,4 256,"28,1 %"
2020-11-22,2 664,372,1 049,4 085,"22,3 %"
2020-11-23,8 485,1 835,3 467,13 787,"10,5 %"
2020-11-24,6 496,1 317,2 731,10 544,"9,2 %"
2020-11-25,6 074,1 251,2 807,10 132,"9,3 %"
2020-11-26,6 018,1 238,3 037,10 293,"9,4 %"
2020-11-27,4 751,1 359,2 351,8 461,"8,7 %"
2020-11-28,2 464,218,1 116,3 798,"27,1 %"
2020-11-29,2 112,263,1 194,3 569,"21,6 %"
2020-11-30,7 368,1 776,3 292,12 436,"9,5 %"
2020-12-01,5 093,1 134,2 597,8 824,"7,8 %"
2020-12-02,4 888,1 122,2 540,8 550,"7,8 %"
2020-12-03,5 128,1 200,2 222,8 550,"7,8 %"
2020-12-04,4 620,1 251,2 500,8 371,"8,3 %"
2020-12-05,1 779,296,984,3 059,"22,4 %"
2020-12-06,2 091,312,932,3 335,"19,6 %"
2020-12-07,7 194,1 661,3 268,12 123,"9,2 %"
2020-12-08,5 933,1 140,3 074,10 147,"8,8 %"
2020-12-09,6 013,1 189,2 732,9 934,"9,1 %"
2020-12-10,5 745,1 211,3 160,10 116,"9,1 %"
2020-12-11,5 281,1 275,2 777,9 333,"9,2 %"
2020-12-12,2 772,276,1 165,4 213,"28,6 %"
2020-12-13,2 051,290,1 140,3 481,"20,2 %"
2020-12-14,5 835,1 713,3 958,11 506,"8,6 %"
2020-12-15,4 871,1 179,3 551,9 601,"8,2 %"
2020-12-16,5 093,1 216,4 027,10 336,"9,1 %"
2020-12-17,5 544,1 195,3 858,10 597,"9,1 %"
2020-12-18,4 919,1 356,3 547,9 822,"9,2 %"
2020-12-19,2 356,282,2 150,4 788,"27,8 %"
2020-12-20,3 469,406,1 509,5 384,"26,7 %"
2020-12-21,8 419,1 630,5 228,15 277,"11,7 %"
2020-12-22,7 380,1 297,4 024,12 701,"11,6 %"
2020-12-23,5 031,1 256,3 124,9 411,"13,0 %"
2020-12-24,1 995,394,981,3 370,"24,8 %"
2020-12-25,1 745,362,666,2 773,"23,4 %"
2020-12-26,2 823,403,1 221,4 447,"30,4 %"
2020-12-27,2 552,464,1 168,4 184,"27,0 %"
2020-12-28,6 025,1 611,3 479,11 115,"15,3 %"
2020-12-29,5 445,1 403,3 185,10 033,"15,3 %"
2020-12-30,5 769,1 429,3 008,10 206,"16,7 %"
2020-12-31,2 604,752,1 420,4 776,"23,9 %"
2021-01-01,1 773,500,812,3 085,"24,0 %"
2021-01-02,3 279,494,1 852,5 625,"33,2 %"
2021-01-03,2 990,588,1 230,4 808,"27,5 %"
2021-01-04,9 589,2 821,5 229,17 639,"13,0 %"
2021-01-05,8 078,1 780,5 006,14 864,"12,3 %"
2021-01-06,7 594,1 771,4 215,13 580,"12,2 %"
2021-01-07,8 352,1 799,4 088,14 239,"12,7 %"
2021-01-08,6 960,1 979,3 654,12 593,"12,2 %"
2021-01-09,3 370,491,1 984,5 845,"35,9 %"
2021-01-10,2 971,535,1 894,5 400,"28,4 %"
2021-01-11,8 817,2 487,4 630,15 934,"12,0 %"
2021-01-12,7 052,1 684,3 177,11 913,"10,8 %"
2021-01-13,6 067,1 698,3 473,11 238,"10,8 %"
2021-01-14,5 970,1 680,3 141,10 791,"10,3 %"
2021-01-15,5 255,1 778,3 039,10 072,"10,4 %"
2021-01-16,2 283,259,1 443,3 985,"29,0 %"
2021-01-17,2 204,358,1 134,3 696,"22,1 %"
2021-01-18,6 270,1 974,3 040,11 284,"9,0 %"
2021-01-19,5 263,1 297,2 673,9 233,"8,4 %"
2021-01-20,4 771,1 280,3 155,9 206,"8,9 %"
2021-01-21,4 615,1 172,2 482,8 269,"8,0 %"
2021-01-22,4 223,1 264,2 399,7 886,"8,3 %"
2021-01-23,2 119,214,1 288,3 621,"26,0 %"
2021-01-24,2 090,229,1 308,3 627,"21,3 %"
2021-01-25,7 891,1 593,3 587,13 071,"10,2 %"
2021-01-26,5 805,1 072,3 112,9 989,"9,1 %"
2021-01-27,5 573,1 004,2 426,9 003,"8,8 %"
2021-01-28,5 581,1 035,2 282,8 898,"8,5 %"
2021-01-29,4 541,1 074,2 180,7 795,"8,2 %"
2021-01-30,1 739,168,691,2 598,"19,9 %"
2021-01-31,2 136,206,684,3 026,"18,8 %"
2021-02-01,6 330,1 349,2 813,10 492,"8,4 %"
2021-02-02,5 095,934,2 173,8 202,"7,5 %"
2021-02-03,5 453,843,1 989,8 285,"8,1 %"
2021-02-04,5 076,873,1 785,7 734,"7,5 %"
2021-02-05,4 616,870,1 820,7 306,"7,8 %"
2021-02-06,1 997,147,962,3 106,"23,4 %"
2021-02-07,2 232,190,851,3 273,"20,2 %"
2021-02-08,6 565,1 210,2 733,10 508,"8,4 %"
2021-02-09,5 463,800,3 093,9 356,"8,5 %"
2021-02-10,5 334,773,2 889,8 996,"8,8 %"
2021-02-11,4 992,791,2 393,8 176,"8,1 %"
2021-02-12,5 435,833,2 327,8 595,"9,2 %"
2021-02-13,2 471,135,1 583,4 189,"30,1 %"
2021-02-14,1 656,179,949,2 784,"19,3 %"
2021-02-15,6 003,1 206,2 731,9 940,"8,1 %"
2021-02-16,5 328,802,2 168,8 298,"7,6 %"
2021-02-17,4 876,792,2 443,8 111,"7,9 %"
2021-02-18,5 098,818,2 218,8 134,"7,9 %"
2021-02-19,4 424,915,2 125,7 464,"7,6 %"
2021-02-20,1 898,175,1 105,3 178,"22,4 %"
2021-02-21,1 762,190,944,2 896,"17,7 %"
2021-02-22,5 900,1 186,2 748,9 834,"8,6 %"
2021-02-23,4 505,824,2 271,7 600,"7,5 %"
2021-02-24,4 550,910,2 055,7 515,"7,8 %"
2021-02-25,4 556,954,2 577,8 087,"8,5 %"
2021-02-26,4 694,1 030,2 520,8 244,"9,5 %"
2021-02-27,2 607,227,1 066,3 900,"25,8 %"
2021-02-28,3 058,272,1 833,5 163,"26,6 %"
2021-03-01,6 254,1 602,4 101,11 957,"9,5 %"
2021-03-02,5 487,1 162,3 836,10 485,"9,4 %"
2021-03-03,5 858,1 239,3 500,10 597,"10,1 %"
2021-03-04,6 724,1 389,2 816,10 929,"10,6 %"
2021-03-05,7 141,1 455,3 691,12 287,"12,7 %"
2021-03-06,5 603,316,1 699,7 618,"38,5 %"
2021-03-07,5 999,481,2 086,8 566,"37,6 %"
2021-03-08,9 627,2 120,4 284,16 031,"11,9 %"
2021-03-09,8 370,1 725,4 356,14 451,"12,0 %"
2021-03-10,8 241,1 634,4 638,14 513,"12,7 %"
2021-03-11,7 161,1 818,4 031,13 010,"11,5 %"
2021-03-12,6 830,1 887,4 418,13 135,"12,4 %"
2021-03-13,3 985,469,2 087,6 541,"32,8 %"
2021-03-14,3 922,583,2 360,6 865,"29,8 %"
2021-03-15,9 091,2 927,5 155,17 173,"12,2 %"
2021-03-16,8 352,2 176,4 056,14 584,"11,8 %"
2021-03-17,8 628,2 262,4 048,14 938,"12,7 %"
2021-03-18,7 885,2 328,3 970,14 183,"12,1 %"
2021-03-19,7 599,2 508,4 638,14 745,"13,5 %"
2021-03-20,3 862,647,1 894,6 403,"32,1 %"
2021-03-21,3 649,733,1 999,6 381,"28,2 %"
2021-03-22,8 523,3 558,4 687,16 768,"12,0 %"
2021-03-23,6 750,2 724,3 668,13 142,"10,8 %"
2021-03-24,6 746,2 564,4 287,13 597,"11,5 %"
2021-03-25,6 667,2 506,3 702,12 875,"10,8 %"
2021-03-26,6 371,2 663,4 275,13 309,"11,6 %"
2021-03-27,3 171,634,1 994,5 799,"30,8 %"
2021-03-28,2 355,729,1 477,4 561,"25,6 %"
2021-03-29,6 331,2 720,3 728,12 779,"12,9 %"
2021-03-30,4 880,2 096,2 868,9 844,"11,7 %"
2021-03-31,3 508,1 812,2 491,7 811,"14,6 %"
2021-04-01,1 895,586,1 554,4 035,"26,2 %"
2021-04-02,2 238,578,1 832,4 648,"28,9 %"
2021-04-03,1 868,527,1 373,3 768,"26,2 %"
2021-04-04,2 239,531,1 432,4 202,"26,7 %"
2021-04-05,2 539,831,1 933,5 303,"25,2 %"
2021-04-06,6 233,3 654,3 905,13 792,"10,0 %"
2021-04-07,5 128,2 394,3 458,10 980,"9,0 %"
2021-04-08,4 754,2 392,3 473,10 619,"8,8 %"
2021-04-09,4 283,2 334,3 583,10 200,"9,2 %"
2021-04-10,1 839,434,1 694,3 967,"25,2 %"
2021-04-11,1 904,514,1 733,4 151,"21,9 %"
2021-04-12,5 814,2 875,4 511,13 200,"9,9 %"
2021-04-13,4 575,1 936,2 997,9 508,"8,2 %"
2021-04-14,4 281,1 964,3 299,9 544,"8,7 %"
2021-04-15,3 673,2 011,2 594,8 278,"7,5 %"
2021-04-16,3 472,2 061,2 552,8 085,"8,0 %"
2021-04-17,1 503,422,806,2 731,"19,4 %"
2021-04-18,1 230,462,1 008,2 700,"16,4 %"
2021-04-19,4 275,2 515,3 151,9 941,"7,8 %"
2021-04-20,3 423,1 757,2 184,7 364,"6,5 %"
2021-04-21,3 390,1 730,2 080,7 200,"6,6 %"
2021-04-22,2 859,1 580,2 332,6 771,"6,2 %"
2021-04-23,3 256,1 743,2 117,7 116,"7,0 %"
2021-04-24,1 518,300,1 009,2 827,"18,7 %"
2021-04-25,1 279,413,1 092,2 784,"16,4 %"
2021-04-26,4 536,2 013,3 241,9 790,"7,5 %"
2021-04-27,3 954,1 457,2 799,8 210,"7,2 %"
2021-04-28,3 358,1 391,2 893,7 642,"7,1 %"
2021-04-29,3 576,1 364,2 756,7 696,"7,1 %"
2021-04-30,3 472,1 450,2 231,7 153,"7,1 %"
2021-05-01,1 533,269,1 019,2 821,"19,7 %"
2021-05-02,1 354,298,1 251,2 903,"15,9 %"
2021-05-03,4 074,1 814,2 991,8 879,"6,8 %"
2021-05-04,3 444,1 193,3 409,8 046,"7,0 %"
2021-05-05,4 150,1 297,2 813,8 260,"7,5 %"
2021-05-06,3 439,1 252,2 927,7 618,"6,8 %"
2021-05-07,3 067,1 366,2 494,6 927,"6,8 %"
2021-05-08,1 590,292,1 562,3 444,"23,4 %"
2021-05-09,2 092,395,2 074,4 561,"22,1 %"
2021-05-10,4 903,1 813,3 378,10 094,"7,6 %"
2021-05-11,4 265,1 353,2 492,8 110,"6,8 %"
2021-05-12,3 533,1 349,2 656,7 538,"6,7 %"
2021-05-13,1 894,294,1 711,3 899,"22,4 %"
2021-05-14,3 107,1 249,2 648,7 004,"8,8 %"
2021-05-15,1 443,263,1 127,2 833,"18,8 %"
2021-05-16,1 322,274,1 347,2 943,"18,9 %"
2021-05-17,891,199,506,1 596,"13,8 %"
2021-05-18,4 220,1 746,3 501,9 467,"7,3 %"
2021-05-19,4 577,1 160,3 463,9 200,"7,7 %"
2021-05-20,4 086,1 144,2 488,7 718,"6,6 %"
2021-05-21,3 691,1 268,2 698,7 657,"7,1 %"
2021-05-22,2 515,228,1 864,4 607,"27,7 %"
2021-05-23,2 351,228,1 836,4 415,"26,4 %"
2021-05-24,2 922,319,1 232,4 473,"20,7 %"
2021-05-25,5 447,1 719,4 079,11 245,"8,4 %"
2021-05-26,4 853,1 226,2 757,8 836,"7,5 %"
2021-05-27,4 113,1 220,2 601,7 934,"6,9 %"
2021-05-28,4 041,1 195,2 675,7 911,"7,5 %"
2021-05-29,2 142,149,1 602,3 893,"25,5 %"
2021-05-30,1 545,203,1 418,3 166,"18,2 %"
2021-05-31,4 600,1 534,2 122,8 256,"6,3 %"
2021-06-01,4 184,949,2 050,7 183,"6,2 %"
2021-06-02,4 268,978,1 812,7 058,"6,4 %"
2021-06-03,3 621,902,1 998,6 521,"6,0 %"
2021-06-04,3 270,941,1 948,6 159,"6,2 %"
2021-06-05,1 128,120,884,2 132,"15,8 %"
2021-06-06,1 121,177,725,2 023,"11,6 %"
2021-06-07,4 459,1 170,1 847,7 476,"5,8 %"
2021-06-08,3 382,829,1 735,5 946,"5,2 %"
2021-06-09,3 465,736,1 687,5 888,"5,5 %"
2021-06-10,3 529,761,1 526,5 816,"5,3 %"
2021-06-11,3 624,753,1 493,5 870,"5,9 %"
2021-06-12,1 782,95,877,2 754,"18,5 %"
2021-06-13,1 851,129,816,2 796,"15,6 %"
2021-06-14,4 959,952,2 070,7 981,"6,2 %"
2021-06-15,3 813,629,1 981,6 423,"5,6 %"
2021-06-16,3 896,597,1 720,6 213,"5,8 %"
2021-06-17,4 150,607,1 725,6 482,"5,9 %"
2021-06-18,3 433,665,1 695,5 793,"5,8 %"
2021-06-19,1 659,95,844,2 598,"17,2 %"
2021-06-20,1 157,105,979,2 241,"12,4 %"
2021-06-21,3 804,757,1 961,6 522,"5,4 %"
2021-06-22,3 060,621,1 680,5 361,"5,0 %"
2021-06-23,3 041,592,1 761,5 394,"5,3 %"
2021-06-24,2 819,576,1 593,4 988,"5,0 %"
2021-06-25,2 687,625,1 702,5 014,"5,4 %"
2021-06-26,1 066,83,656,1 805,"13,6 %"
2021-06-27,942,126,577,1 645,"10,2 %"
2021-06-28,3 360,687,1 937,5 984,"5,5 %"
2021-06-29,2 445,519,1 624,4 588,"4,7 %"
2021-06-30,2 547,525,1 755,4 827,"5,1 %"
2021-07-01,1 620,497,1 425,3 542,"4,4 %"
2021-07-02,2 316,567,1 389,4 272,"5,2 %"
2021-07-03,1 027,85,596,1 708,"13,6 %"
2021-07-04,1 051,94,718,1 863,"12,5 %"
2021-07-05,3 188,633,2 416,6 237,"6,8 %"
2021-07-06,2 481,452,2 260,5 193,"6,3 %"
2021-07-07,2 294,520,1 951,4 765,"6,1 %"
2021-07-08,2 141,463,2 146,4 750,"6,2 %"
2021-07-09,2 301,485,2 113,4 899,"6,9 %"
2021-07-10,1 195,77,1 152,2 424,"17,3 %"
2021-07-11,842,79,1 582,2 503,"17,6 %"
2021-07-12,2 338,512,1 983,4 833,"6,3 %"
2021-07-13,1 869,406,2 053,4 328,"6,2 %"
2021-07-14,1 848,338,1 878,4 064,"6,1 %"
2021-07-15,1 833,377,2 147,4 357,"6,6 %"
2021-07-16,1 710,423,1 906,4 039,"6,6 %"
2021-07-17,933,60,1 557,2 550,"18,8 %"
2021-07-18,923,74,1 424,2 421,"17,5 %"
2021-07-19,2 185,502,2 494,5 181,"7,2 %"
2021-07-20,1 837,401,2 272,4 510,"7,1 %"
2021-07-21,1 863,352,1 950,4 165,"6,9 %"
2021-07-22,1 762,379,2 071,4 212,"7,0 %"
2021-07-23,1 731,443,2 095,4 269,"7,5 %"
2021-07-24,1 073,89,1 706,2 868,"21,3 %"
2021-07-25,797,88,1 766,2 651,"19,4 %"
2021-07-26,2 366,591,2 511,5 468,"7,7 %"
2021-07-27,2 092,497,2 414,5 003,"7,6 %"
2021-07-28,2 210,556,2 533,5 299,"8,3 %"
2021-07-29,2 191,649,2 324,5 164,"8,2 %"
2021-07-30,2 015,661,2 443,5 119,"8,5 %"
2021-07-31,1 251,153,2 037,3 441,"24,1 %"
2021-08-01,1 099,180,1 648,2 927,"20,0 %"
2021-08-02,2 836,944,2 862,6 642,"8,0 %"
2021-08-03,2 626,716,2 328,5 670,"7,6 %"
2021-08-04,2 908,763,2 671,6 342,"8,8 %"
2021-08-05,2 808,727,2 428,5 963,"8,5 %"
2021-08-06,2 646,801,2 707,6 154,"9,2 %"
2021-08-07,1 343,174,1 975,3 492,"25,1 %"
2021-08-08,1 066,230,2 077,3 373,"21,6 %"
2021-08-09,3 156,1 206,2 578,6 940,"7,1 %"
2021-08-10,2 961,921,2 437,6 319,"7,1 %"
2021-08-11,3 032,946,2 500,6 478,"7,8 %"
2021-08-12,2 464,933,2 230,5 627,"6,8 %"
2021-08-13,2 102,981,2 306,5 389,"7,1 %"
2021-08-14,839,207,2 497,3 543,"24,6 %"
2021-08-15,816,225,1 784,2 825,"17,8 %"
2021-08-16,2 859,1 455,2 559,6 873,"6,2 %"
2021-08-17,2 511,1 074,2 974,6 559,"6,4 %"
2021-08-18,2 976,1 028,1 977,5 981,"6,1 %"
2021-08-19,2 599,1 125,2 425,6 149,"6,3 %"
2021-08-20,2 633,1 232,2 874,6 739,"7,4 %"
2021-08-21,1 410,231,1 329,2 970,"21,0 %"
2021-08-22,1 498,311,2 782,4 591,"24,8 %"
2021-08-23,4 567,1 845,4 458,10 870,"8,7 %"
2021-08-24,3 810,1 497,4 459,9 766,"8,6 %"
2021-08-25,4 385,1 573,4 286,10 244,"9,5 %"
2021-08-26,4 505,1 803,4 420,10 728,"10,0 %"
2021-08-27,3 770,2 094,4 879,10 743,"10,8 %"
2021-08-28,1 747,442,2 151,4 340,"26,1 %"
2021-08-29,1 958,502,2 615,5 075,"25,1 %"
2021-08-30,5 997,2 907,4 996,13 900,"10,6 %"
2021-08-31,5 758,2 413,5 188,13 359,"11,2 %"
2021-09-01,5 981,2 433,5 215,13 629,"12,0 %"
2021-09-02,6 265,2 429,4 398,13 092,"11,5 %"
2021-09-03,6 362,2 798,4 057,13 217,"12,8 %"
2021-09-04,2 918,529,2 324,5 771,"31,5 %"
2021-09-05,3 286,622,2 507,6 415,"28,8 %"
2021-09-06,7 172,3 724,4 863,15 759,"11,6 %"
2021-09-07,6 683,2 671,4 108,13 462,"11,2 %"
2021-09-08,5 994,2 658,4 062,12 714,"11,1 %"
2021-09-09,5 853,2 586,4 597,13 036,"11,4 %"
2021-09-10,5 241,2 641,3 549,11 431,"11,2 %"
2021-09-11,2 407,499,1 488,4 394,"26,2 %"
2021-09-12,2 202,540,1 612,4 354,"21,9 %"
2021-09-13,6 225,3 190,3 862,13 277,"10,3 %"
2021-09-14,5 081,2 254,3 459,10 794,"9,3 %"
2021-09-15,4 930,2 105,3 638,10 673,"9,5 %"
2021-09-16,4 307,2 034,3 245,9 586,"8,6 %"
2021-09-17,3 838,1 985,2 523,8 346,"8,4 %"
2021-09-18,1 492,313,1 199,3 004,"19,7 %"
2021-09-19,1 593,399,1 483,3 475,"17,9 %"
2021-09-20,5 378,2 319,3 271,10 968,"8,3 %"
2021-09-21,4 093,1 689,2 732,8 514,"7,3 %"
2021-09-22,3 982,1 616,2 730,8 328,"7,6 %"
2021-09-23,3 636,1 502,1 987,7 125,"6,5 %"
2021-09-24,2 966,1 584,2 013,6 563,"6,7 %"
2021-09-25,1 332,230,708,2 270,"16,0 %"
2021-09-26,985,359,764,2 108,"11,7 %"
2021-09-27,3 158,1 904,1 647,6 709,"5,2 %"
2021-09-28,2 780,1 285,1 256,5 321,"4,6 %"
2021-09-29,2 520,1 249,1 116,4 885,"4,5 %"
2021-09-30,2 218,1 122,1 072,4 412,"4,0 %"
2021-10-01,1 765,1 071,1 055,3 891,"3,9 %"
2021-10-02,635,169,477,1 281,"9,5 %"
2021-10-03,789,225,398,1 412,"8,0 %"
2021-10-04,2 661,1 273,1 332,5 266,"4,4 %"
2021-10-05,2 176,879,1 114,4 169,"3,9 %"
2021-10-06,2 028,834,881,3 743,"3,7 %"
2021-10-07,1 754,764,915,3 433,"3,5 %"
2021-10-08,1 793,739,774,3 306,"3,7 %"
2021-10-09,639,136,351,1 126,"8,5 %"
2021-10-10,633,240,439,1 312,"7,6 %"
2021-10-11,2 062,1 100,1 184,4 346,"3,7 %"
2021-10-12,1 603,896,874,3 373,"3,1 %"
2021-10-13,1 739,757,819,3 315,"3,3 %"
2021-10-14,1 469,722,731,2 922,"3,0 %"
2021-10-15,1 339,711,731,2 781,"3,1 %"
2021-10-16,665,126,271,1 062,"8,2 %"
2021-10-17,685,146,298,1 129,"6,8 %"
2021-10-18,2 438,1 086,970,4 494,"3,5 %"
2021-10-19,2 022,829,853,3 704,"3,2 %"
2021-10-20,1 891,870,821,3 582,"3,2 %"
2021-10-21,1 721,860,928,3 509,"3,2 %"
2021-10-22,1 545,849,841,3 235,"3,2 %"
2021-10-23,830,199,268,1 297,"9,3 %"
2021-10-24,743,239,376,1 358,"7,6 %"
2021-10-25,2 643,1 459,1 058,5 160,"3,9 %"
2021-10-26,2 163,1 225,1 121,4 509,"3,8 %"
2021-10-27,2 489,1 315,1 124,4 928,"4,3 %"
2021-10-28,2 277,1 359,912,4 548,"3,9 %"
2021-10-29,1 856,1 428,839,4 123,"4,0 %"
2021-10-30,684,298,384,1 366,"9,4 %"
2021-10-31,900,415,411,1 726,"9,0 %"
2021-11-01,3 013,2 173,1 243,6 429,"4,6 %"
2021-11-02,2 647,1 893,1 060,5 600,"4,5 %"
2021-11-03,2 700,1 710,1 140,5 550,"4,7 %"
2021-11-04,2 207,1 737,1 076,5 020,"4,3 %"
2021-11-05,1 941,1 765,973,4 679,"4,6 %"
2021-11-06,1 136,406,405,1 947,"12,7 %"
2021-11-07,842,498,539,1 879,"9,5 %"
2021-11-08,3 329,2 799,1 385,7 513,"5,4 %"
2021-11-09,3 263,2 114,1 233,6 610,"5,5 %"
2021-11-10,2 901,2 227,1 470,6 598,"5,7 %"
2021-11-11,2 803,2 168,1 471,6 442,"5,6 %"
2021-11-12,2 502,2 169,1 415,6 086,"6,0 %"
2021-11-13,1 275,502,1 023,2 800,"17,9 %"
2021-11-14,1 177,622,656,2 455,"12,9 %"
2021-11-15,3 608,3 410,2 095,9 113,"6,6 %"
2021-11-16,3 239,2 486,1 694,7 419,"6,1 %"
2021-11-17,3 184,2 418,1 492,7 094,"6,2 %"
2021-11-18,2 660,2 363,1 536,6 559,"5,9 %"
2021-11-19,2 607,2 581,1 701,6 889,"6,8 %"
2021-11-20,1 479,525,488,2 492,"16,0 %"
2021-11-21,1 251,833,892,2 976,"14,6 %"
2021-11-22,3 873,3 944,2 465,10 282,"7,5 %"
2021-11-23,3 171,3 243,2 121,8 535,"7,1 %"
2021-11-24,3 430,3 072,2 146,8 648,"7,6 %"
2021-11-25,3 116,2 947,1 995,8 058,"7,1 %"
2021-11-26,2 983,2 932,1 134,7 049,"7,1 %"
2021-11-27,1 607,655,460,2 722,"18,9 %"
2021-11-28,1 720,1 020,941,3 681,"18,9 %"
2021-11-29,4 371,5 043,2 185,11 599,"8,4 %"
2021-11-30,4 164,3 998,2 007,10 169,"8,3 %"
2021-12-01,4 115,3 698,2 911,10 724,"9,4 %"
2021-12-02,4 854,3 817,2 156,10 827,"9,4 %"
2021-12-03,4 578,3 868,3 182,11 628,"11,0 %"
2021-12-04,2 213,925,1 057,4 195,"24,8 %"
2021-12-05,2 508,1 307,1 185,5 000,"23,6 %"
2021-12-06,5 993,6 644,3 298,15 935,"11,4 %"
2021-12-07,5 612,5 117,2 572,13 301,"10,8 %"
2021-12-08,5 662,5 103,2 340,13 105,"11,2 %"
2021-12-09,5 401,4 872,2 742,13 015,"11,1 %"
2021-12-10,5 666,5 152,2 956,13 774,"12,8 %"
2021-12-11,3 489,1 041,1 148,5 678,"31,2 %"
2021-12-12,3 265,2 001,843,6 109,"27,1 %"
2021-12-13,7 154,7 772,3 247,18 173,"12,7 %"
2021-12-14,7 174,5 560,2 770,15 504,"12,2 %"
2021-12-15,6 433,5 130,2 364,13 927,"11,5 %"
2021-12-16,5 575,4 989,1 810,12 374,"10,5 %"
2021-12-17,5 397,4 468,2 211,12 076,"11,1 %"
2021-12-18,3 046,1 219,1 271,5 536,"31,1 %"
2021-12-19,2 835,1 638,1 729,6 202,"28,7 %"
2021-12-20,6 520,6 842,2 544,15 906,"11,8 %"
2021-12-21,4 886,4 641,3 189,12 716,"11,0 %"
2021-12-22,4 696,3 957,3 500,12 153,"11,8 %"
2021-12-23,3 366,3 321,1 417,8 104,"11,7 %"
2021-12-24,1 085,1 043,1 080,3 208,"24,0 %"
2021-12-25,1 249,831,259,2 339,"20,9 %"
2021-12-26,1 459,1 028,969,3 456,"25,7 %"
2021-12-27,3 176,4 049,1 214,8 439,"13,5 %"
2021-12-28,3 559,3 320,1 656,8 535,"14,5 %"
2021-12-29,3 225,3 369,1 251,7 845,"13,6 %"
2021-12-30,2 745,3 106,1 411,7 262,"13,3 %"
2021-12-31,1 378,1 440,1 200,4 018,"21,4 %"
2022-01-01,1 028,844,394,2 266,"19,7 %"
2022-01-02,1 603,1 223,819,3 645,"23,4 %"
2022-01-03,5 279,7 758,2 159,15 196,"12,3 %"
2022-01-04,4 598,6 225,2 121,12 944,"11,5 %"
2022-01-05,4 409,6 040,1 680,12 129,"11,2 %"
2022-01-06,4 638,6 055,1 904,12 597,"11,7 %"
2022-01-07,3 723,5 508,1 795,11 026,"11,2 %"
2022-01-08,1 408,1 223,1 004,3 635,"25,9 %"
2022-01-09,2 177,1 947,1 048,5 172,"28,4 %"
2022-01-10,6 216,9 261,2 578,18 055,"13,8 %"
2022-01-11,5 386,7 465,2 417,15 268,"13,4 %"
2022-01-12,5 505,7 457,2 066,15 028,"13,8 %"
2022-01-13,5 599,7 624,2 444,15 667,"14,3 %"
2022-01-14,5 027,7 272,2 060,14 359,"14,3 %"
2022-01-15,2 509,2 024,1 324,5 857,"35,1 %"
2022-01-16,3 022,2 824,1 113,6 959,"33,7 %"
2022-01-17,7 446,13 240,3 665,24 351,"17,9 %"
2022-01-18,7 207,9 937,3 082,20 226,"16,9 %"
2022-01-19,7 656,9 938,3 008,20 602,"17,9 %"
2022-01-20,7 335,9 784,3 323,20 442,"18,0 %"
2022-01-21,7 262,9 356,3 287,19 905,"19,0 %"
2022-01-22,3 505,2 966,1 367,7 838,"41,5 %"
2022-01-23,3 717,4 058,1 902,9 677,"40,2 %"
2022-01-24,9 623,17 052,4 261,30 936,"22,0 %"
2022-01-25,7 238,12 220,3 304,22 762,"19,0 %"
2022-01-26,6 174,12 409,3 373,21 956,"19,3 %"
2022-01-27,4 905,11 598,2 342,18 845,"17,2 %"
2022-01-28,4 150,10 450,2 754,17 354,"17,5 %"
2022-01-29,1 988,2 824,1 440,6 252,"34,8 %"
2022-01-30,1 857,3 557,1 387,6 801,"33,1 %"
2022-01-31,6 566,18 639,3 401,28 606,"20,6 %"
2022-02-01,5 433,13 184,2 731,21 348,"17,9 %"
2022-02-02,4 617,12 098,2 873,19 588,"17,6 %"
2022-02-03,4 145,10 912,2 192,17 249,"15,8 %"
2022-02-04,3 305,9 184,2 169,14 658,"14,9 %"
2022-02-05,1 533,1 956,1 121,4 610,"28,5 %"
2022-02-06,1 627,3 022,1 171,5 820,"28,9 %"
2022-02-07,6 441,18 372,2 479,27 292,"20,2 %"
2022-02-08,5 033,13 771,2 853,21 657,"18,4 %"
2022-02-09,5 011,13 142,2 815,20 968,"18,7 %"
2022-02-10,4 381,12 447,2 298,19 126,"17,5 %"
2022-02-11,4 097,10 602,1 995,16 694,"17,3 %"
2022-02-12,1 332,2 039,1 089,4 460,"28,1 %"
2022-02-13,1 049,2 771,602,4 422,"24,2 %"
2022-02-14,4 392,17 216,1 579,23 187,"17,8 %"
2022-02-15,3 444,12 257,1 053,16 754,"15,0 %"
2022-02-16,3 402,11 788,1 567,16 757,"15,6 %"
2022-02-17,3 205,11 347,1 575,16 127,"15,0 %"
2022-02-18,2 933,9 580,1 559,14 072,"14,6 %"
2022-02-19,1 041,1 748,523,3 312,"22,1 %"
2022-02-20,777,2 640,1 072,4 489,"24,3 %"
2022-02-21,4 688,19 029,1 785,25 502,"21,1 %"
2022-02-22,3 916,13 992,1 877,19 785,"18,8 %"
2022-02-23,3 715,13 226,1 698,18 639,"18,9 %"
2022-02-24,3 210,12 279,1 482,16 971,"18,0 %"
2022-02-25,2 906,9 974,1 368,14 248,"17,1 %"
2022-02-26,1 255,2 046,464,3 765,"23,9 %"
2022-02-27,1 279,2 711,671,4 661,"24,9 %"
2022-02-28,4 441,20 353,1 470,26 264,"20,4 %"
2022-03-01,2 937,13 565,1 359,17 861,"16,4 %"
2022-03-02,2 741,12 027,1 172,15 940,"15,6 %"
2022-03-03,2 498,10 761,819,14 078,"14,3 %"
2022-03-04,1 998,8 288,839,11 125,"12,9 %"
2022-03-05,536,1 211,366,2 113,"16,2 %"
2022-03-06,333,2 201,99,2 633,"15,2 %"
2022-03-07,3 268,16 507,1 180,20 955,"16,4 %"
2022-03-08,2 207,10 472,1 101,13 780,"12,5 %"
2022-03-09,2 093,9 228,718,12 039,"11,8 %"
2022-03-10,1 820,8 218,634,10 672,"10,6 %"
2022-03-11,1 599,6 908,545,9 052,"10,0 %"
2022-03-12,368,919,182,1 469,"11,5 %"
2022-03-13,355,1 449,247,2 051,"12,5 %"
2022-03-14,2 506,12 183,778,15 467,"12,5 %"
2022-03-15,1 781,8 088,561,10 430,"9,7 %"
2022-03-16,1 730,6 968,598,9 296,"9,2 %"
2022-03-17,1 592,6 347,433,8 372,"8,4 %"
2022-03-18,1 235,5 160,388,6 783,"7,6 %"
2022-03-19,269,574,130,973,"7,6 %"
2022-03-20,262,974,140,1 376,"8,9 %"
2022-03-21,2 045,8 978,482,11 505,"9,3 %"
2022-03-22,1 425,5 791,254,7 470,"6,9 %"
2022-03-23,1 309,5 042,278,6 629,"6,5 %"
2022-03-24,1 241,4 724,161,6 126,"6,0 %"
2022-03-25,1 050,3 995,232,5 277,"5,7 %"
2022-03-26,218,487,57,762,"6,0 %"
2022-03-27,169,733,39,941,"6,1 %"
2022-03-28,1 543,6 495,323,8 361,"6,8 %"
2022-03-29,1 060,4 299,227,5 586,"5,2 %"
2022-03-30,993,3 663,227,4 883,"4,7 %"
2022-03-31,848,3 539,186,4 573,"4,4 %"
2022-04-01,728,2 859,138,3 725,"4,1 %"
2022-04-02,117,284,63,464,"3,6 %"
2022-04-03,112,526,50,688,"4,2 %"
2022-04-04,1 249,4 846,174,6 269,"5,0 %"
2022-04-05,861,3 168,146,4 175,"3,8 %"
2022-04-06,751,2 537,164,3 452,"3,3 %"
2022-04-07,693,2 535,186,3 414,"3,2 %"
2022-04-08,616,2 212,143,2 971,"3,0 %"
2022-04-09,105,206,29,340,"2,6 %"
2022-04-10,95,267,24,386,"2,6 %"
2022-04-11,687,2 179,176,3 042,"3,5 %"
2022-04-12,474,1 561,99,2 134,"2,8 %"
2022-04-13,315,775,81,1 171,"2,7 %"
2022-04-14,121,182,46,349,"2,9 %"
2022-04-15,112,141,46,299,"2,5 %"
2022-04-16,90,111,41,242,"2,0 %"
2022-04-17,50,155,40,245,"2,0 %"
2022-04-18,189,294,37,520,"3,2 %"
2022-04-19,690,2 862,115,3 667,"3,0 %"
2022-04-20,503,1 956,87,2 546,"2,3 %"
2022-04-21,440,1 719,79,2 238,"2,1 %"
2022-04-22,380,1 392,82,1 854,"1,9 %"
2022-04-23,80,116,24,220,"1,9 %"
2022-04-24,61,172,15,248,"1,7 %"
2022-04-25,491,2 045,124,2 660,"2,2 %"
2022-04-26,338,1 389,66,1 793,"1,7 %"
2022-04-27,341,1 229,51,1 621,"1,6 %"
2022-04-28,363,1 182,51,1 596,"1,6 %"
2022-04-29,267,1 076,58,1 401,"1,6 %"
2022-04-30,55,104,13,172,"1,5 %"
2022-05-01,39,160,17,216,"1,5 %"
2022-05-02,375,1 626,50,2 051,"1,8 %"
2022-05-03,285,1 138,48,1 471,"1,4 %"
2022-05-04,277,1 068,40,1 385,"1,4 %"
2022-05-05,276,1 091,42,1 409,"1,4 %"
2022-05-06,200,923,48,1 171,"1,3 %"
2022-05-07,24,71,16,111,"1,0 %"
2022-05-08,44,143,7,194,"1,4 %"
2022-05-09,280,1 443,80,1 803,"1,5 %"
2022-05-10,256,1 090,47,1 393,"1,3 %"
2022-05-11,244,964,22,1 230,"1,2 %"
2022-05-12,239,971,32,1 242,"1,3 %"
2022-05-13,191,848,42,1 081,"1,2 %"
2022-05-14,19,83,7,109,"0,9 %"
2022-05-15,33,113,6,152,"1,1 %"
2022-05-16,278,1 270,27,1 575,"1,4 %"
2022-05-17,21,72,0,95,"1,1 %"
2022-05-18,265,1 204,24,1 493,"1,4 %"
2022-05-19,233,965,22,1 220,"1,1 %"
2022-05-20,190,875,39,1 104,"1,1 %"
2022-05-21,30,110,6,146,"1,2 %"
2022-05-22,29,161,6,196,"1,3 %"
2022-05-23,311,1 491,41,1 843,"1,5 %"
2022-05-24,227,975,14,1 216,"1,1 %"
2022-05-25,209,930,27,1 166,"1,1 %"
2022-05-26,30,125,0,159,"1,0 %"
2022-05-27,158,760,36,954,"1,2 %"
2022-05-28,23,90,0,117,"1,0 %"
2022-05-29,35,153,8,196,"1,3 %"
2022-05-30,286,1 536,33,1 855,"1,5 %"
2022-05-31,203,1 063,33,1 299,"1,2 %"
2022-06-01,212,1 061,26,1 299,"1,3 %"
2022-06-02,208,1 050,19,1 277,"1,3 %"
2022-06-03,191,950,38,1 179,"1,3 %"
2022-06-04,24,150,8,182,"1,6 %"
2022-06-05,27,113,0,143,"1,2 %"
2022-06-06,36,206,14,256,"1,6 %"
2022-06-07,273,1 704,37,2 014,"1,7 %"
2022-06-08,279,1 237,13,1 529,"1,4 %"
2022-06-09,220,1 197,31,1 448,"1,4 %"
2022-06-10,213,1 031,40,1 284,"1,4 %"
2022-06-11,25,105,7,137,"1,1 %"
2022-06-12,42,196,7,245,"1,5 %"
2022-06-13,338,2 033,36,2 407,"2,0 %"
2022-06-14,269,1 570,43,1 882,"1,7 %"
2022-06-15,330,1 574,27,1 931,"1,9 %"
2022-06-16,272,1 689,32,1 993,"1,9 %"
2022-06-17,306,1 473,70,1 849,"2,0 %"
2022-06-18,36,174,0,212,"1,7 %"
2022-06-19,46,282,0,330,"2,1 %"
2022-06-20,504,3 075,38,3 617,"3,1 %"
2022-06-21,351,2 379,19,2 749,"2,6 %"
2022-06-22,447,2 456,19,2 922,"2,9 %"
2022-06-23,382,2 576,21,2 979,"3,1 %"
2022-06-24,395,2 175,57,2 627,"3,1 %"
2022-06-25,42,318,0,363,"2,9 %"
2022-06-26,70,492,6,568,"3,5 %"
2022-06-27,615,4 280,53,4 948,"4,7 %"
2022-06-28,432,2 805,41,3 278,"3,5 %"
2022-06-29,465,2 680,31,3 176,"3,6 %"
2022-06-30,391,2 507,27,2 925,"3,3 %"
2022-07-01,304,1 777,14,2 095,"3,2 %"
2022-07-02,73,315,13,401,"3,2 %"
2022-07-03,58,401,0,461,"3,3 %"
2022-07-04,532,3 544,12,4 088,"4,8 %"
2022-07-05,379,2 507,31,2 917,"3,8 %"
2022-07-06,344,2 473,6,2 823,"3,9 %"
2022-07-07,531,2 176,21,2 728,"3,8 %"
2022-07-08,279,1 906,23,2 208,"3,4 %"
2022-07-09,40,246,14,300,"2,7 %"
2022-07-10,55,322,16,393,"3,3 %"
2022-07-11,441,3 133,21,3 595,"4,8 %"
2022-07-12,358,2 284,31,2 673,"4,0 %"
2022-07-13,332,2 055,31,2 418,"3,8 %"
2022-07-14,322,1 892,20,2 234,"3,6 %"
2022-07-15,290,1 639,14,1 943,"3,4 %"
2022-07-16,40,235,6,281,"2,6 %"
2022-07-17,63,294,5,362,"3,1 %"
2022-07-18,401,3 010,8,3 419,"5,0 %"
2022-07-19,300,2 124,18,2 442,"4,1 %"
2022-07-20,265,1 905,0,2 173,"3,9 %"
2022-07-21,267,1 810,11,2 088,"3,7 %"
2022-07-22,276,1 561,12,1 849,"3,5 %"
2022-07-23,50,212,9,271,"2,6 %"
2022-07-24,56,259,8,323,"2,9 %"
2022-07-25,409,2 796,10,3 215,"4,7 %"
2022-07-26,297,1 922,10,2 229,"3,7 %"
2022-07-27,285,1 745,14,2 044,"3,5 %"
2022-07-28,253,1 527,20,1 800,"3,2 %"
2022-07-29,224,1 436,10,1 670,"3,2 %"
2022-07-30,50,182,6,238,"2,4 %"
2022-07-31,51,262,9,322,"2,6 %"
2022-08-01,399,2 797,12,3 208,"4,2 %"
2022-08-02,270,1 840,16,2 126,"3,1 %"
2022-08-03,299,1 776,7,2 082,"3,1 %"
2022-08-04,260,1 517,15,1 792,"2,7 %"
2022-08-05,200,1 253,17,1 470,"2,5 %"
2022-08-06,37,136,7,180,"1,8 %"
2022-08-07,38,225,5,268,"2,3 %"
2022-08-08,335,2 633,23,2 991,"3,4 %"
2022-08-09,258,1 702,25,1 985,"2,5 %"
2022-08-10,238,1 492,33,1 763,"2,3 %"
2022-08-11,219,1 466,10,1 695,"2,3 %"
2022-08-12,200,1 241,31,1 472,"2,2 %"
2022-08-13,26,115,9,150,"1,5 %"
2022-08-14,38,178,22,238,"2,0 %"
2022-08-15,330,2 362,22,2 714,"2,6 %"
2022-08-16,273,1 654,10,1 937,"2,0 %"
2022-08-17,238,1 435,22,1 695,"1,9 %"
2022-08-18,233,1 273,11,1 517,"1,7 %"
2022-08-19,179,1 120,5,1 304,"1,6 %"
2022-08-20,32,119,5,156,"1,5 %"
2022-08-21,50,187,0,241,"1,8 %"
2022-08-22,324,2 075,25,2 424,"2,2 %"
2022-08-23,245,1 406,8,1 659,"1,6 %"
2022-08-24,237,1 382,7,1 626,"1,7 %"
2022-08-25,219,1 274,19,1 512,"1,6 %"
2022-08-26,206,1 056,7,1 269,"1,5 %"
2022-08-27,21,90,10,121,"1,1 %"
2022-08-28,27,195,7,229,"1,6 %"
2022-08-29,383,1 846,9,2 238,"2,0 %"
2022-08-30,276,1 338,18,1 632,"1,6 %"
2022-08-31,251,1 241,13,1 505,"1,5 %"
2022-09-01,242,1 083,13,1 338,"1,4 %"
2022-09-02,184,1 013,6,1 203,"1,4 %"
2022-09-03,33,69,0,104,"1,0 %"
2022-09-04,45,167,0,212,"1,5 %"
2022-09-05,342,1 775,0,2 121,"1,8 %"
2022-09-06,256,1 183,17,1 456,"1,4 %"
2022-09-07,225,1 052,8,1 285,"1,3 %"
2022-09-08,242,1 088,14,1 344,"1,4 %"
2022-09-09,192,814,8,1 014,"1,2 %"
2022-09-10,38,85,5,128,"1,2 %"
2022-09-11,42,146,7,195,"1,4 %"
2022-09-12,316,1 593,24,1 933,"1,7 %"
2022-09-13,222,1 044,5,1 271,"1,2 %"
2022-09-14,209,955,11,1 175,"1,2 %"
2022-09-15,204,880,19,1 103,"1,2 %"
2022-09-16,179,753,9,941,"1,1 %"
2022-09-17,22,70,5,97,"0,9 %"
2022-09-18,24,93,0,119,"0,9 %"
2022-09-19,267,1 362,22,1 651,"1,5 %"
2022-09-20,260,877,10,1 147,"1,1 %"
2022-09-21,198,816,10,1 024,"1,1 %"
2022-09-22,175,822,0,1 001,"1,0 %"
2022-09-23,149,671,5,825,"0,9 %"
2022-09-24,30,67,6,103,"0,6 %"
2022-09-25,37,138,0,177,"0,8 %"
2022-09-26,252,1 349,12,1 613,"1,3 %"
2022-09-27,179,859,10,1 048,"0,9 %"
2022-09-28,188,870,8,1 066,"1,0 %"
2022-09-29,166,848,8,1 022,"0,9 %"
2022-09-30,145,728,10,883,"0,9 %"
2022-10-01,22,57,0,82,"0,4 %"
2022-10-02,37,109,0,150,"0,6 %"
2022-10-03,180,1 201,14,1 395,"1,2 %"
2022-10-04,171,845,5,1 021,"1,0 %"
2022-10-05,153,730,0,886,"0,9 %"
2022-10-06,142,756,7,905,"0,9 %"
2022-10-07,127,642,10,779,"0,9 %"
2022-10-08,16,59,17,92,"0,4 %"
2022-10-09,22,128,7,157,"0,6 %"
2022-10-10,220,1 320,12,1 552,"1,3 %"
2022-10-11,154,800,10,964,"0,9 %"
2022-10-12,153,781,0,936,"0,9 %"
2022-10-13,146,756,5,907,"0,9 %"
2022-10-14,124,626,13,763,"0,9 %"
2022-10-15,15,67,0,84,"0,4 %"
2022-10-16,21,120,0,141,"0,6 %"
2022-10-17,226,1 322,8,1 556,"1,3 %"
2022-10-18,162,879,8,1 049,"1,0 %"
2022-10-19,149,812,11,972,"1,0 %"
2022-10-20,137,772,8,917,"0,9 %"
2022-10-21,105,677,8,790,"0,9 %"
2022-10-22,12,72,0,88,"0,5 %"
2022-10-23,31,131,0,165,"0,8 %"
2022-10-24,208,1 339,10,1 557,"1,5 %"
2022-10-25,178,937,14,1 129,"1,2 %"
2022-10-26,135,986,5,1 126,"1,4 %"
2022-10-27,142,987,7,1 136,"1,4 %"
2022-10-28,126,758,0,887,"1,3 %"
2022-10-29,18,77,0,96,"1,2 %"
2022-10-30,26,150,0,177,"1,6 %"
2022-10-31,207,1 615,13,1 835,"2,2 %"
2022-11-01,80,552,8,640,"1,6 %"
2022-11-02,89,527,0,620,"1,8 %"
2022-11-03,68,394,0,465,"1,5 %"
2022-11-04,73,311,0,388,"1,7 %"
2022-11-05,8,45,0,57,"1,7 %"
2022-11-06,0,67,0,71,"1,8 %"
2022-11-07,23,166,10,199,"2,7 %"
2022-11-08,16,39,6,61,"2,5 %"
Totalt,3 057 227,1 520 232,1 123 120,5 700 579,"7,8 %"
